{"cameraMode":{"drawMode":0,"name":"Shaded","section":"Shading Mode"},"sceneLighting":true,"audioPlay":false,"sceneViewState":{"m_AlwaysRefresh":false,"showFog":true,"showSkybox":true,"showFlares":true,"showImageEffects":true,"showParticleSystems":true,"showVisualEffectGraphs":true,"m_FxEnabled":true},"in2DMode":false,"pivot":{"x":43.84162521362305,"y":26.824329376220704,"z":-21.75802230834961},"rotation":{"x":0.006631491705775261,"y":0.04849598556756973,"z":-0.0004589674063026905,"w":-0.999133825302124},"size":18.624847412109376,"orthographic":false}