{"cameraMode":{"drawMode":0,"name":"Shaded","section":"Shading Mode"},"sceneLighting":true,"audioPlay":false,"sceneViewState":{"m_AlwaysRefresh":false,"showFog":true,"showSkybox":true,"showFlares":true,"showImageEffects":true,"showParticleSystems":true,"showVisualEffectGraphs":true,"m_FxEnabled":true},"in2DMode":false,"pivot":{"x":46.275360107421878,"y":281.6676025390625,"z":-40.247962951660159},"rotation":{"x":-0.10831385850906372,"y":-0.08251190185546875,"z":0.00899419840425253,"w":-0.9906717538833618},"size":47.80400085449219,"orthographic":true}