{"cameraMode":{"drawMode":0,"name":"Shaded","section":"Shading Mode"},"sceneLighting":true,"audioPlay":false,"sceneViewState":{"m_AlwaysRefresh":false,"showFog":true,"showSkybox":true,"showFlares":true,"showImageEffects":true,"showParticleSystems":true,"showVisualEffectGraphs":true,"m_FxEnabled":true},"in2DMode":false,"pivot":{"x":21.030826568603517,"y":2.1931228637695314,"z":14.335613250732422},"rotation":{"x":0.3194635808467865,"y":0.6326570510864258,"z":-0.3215399980545044,"w":0.6279908418655396},"size":20.818132400512697,"orthographic":false}