{"cameraMode":{"drawMode":0,"name":"Shaded","section":"Shading Mode"},"sceneLighting":true,"audioPlay":false,"sceneViewState":{"m_AlwaysRefresh":false,"showFog":true,"showSkybox":true,"showFlares":true,"showImageEffects":true,"showParticleSystems":true,"showVisualEffectGraphs":true,"m_FxEnabled":true},"in2DMode":false,"pivot":{"x":33.190860748291019,"y":-14.14747428894043,"z":28.759254455566408},"rotation":{"x":0.47698500752449038,"y":0.17059308290481568,"z":-0.09495297819375992,"w":0.8569559454917908},"size":15.4713773727417,"orthographic":false}