{"cameraMode":{"drawMode":0,"name":"Shaded","section":"Shading Mode"},"sceneLighting":true,"audioPlay":false,"sceneViewState":{"m_AlwaysRefresh":false,"showFog":true,"showSkybox":true,"showFlares":true,"showImageEffects":true,"showParticleSystems":true,"showVisualEffectGraphs":true,"m_FxEnabled":true},"in2DMode":false,"pivot":{"x":25.379283905029298,"y":2.700289726257324,"z":30.949691772460939},"rotation":{"x":-0.15038397908210755,"y":-0.13539418578147889,"z":0.020825423300266267,"w":-0.9791467189788818},"size":16.350849151611329,"orthographic":false}