{"cameraMode":{"drawMode":0,"name":"Shaded","section":"Shading Mode"},"sceneLighting":true,"audioPlay":false,"sceneViewState":{"m_AlwaysRefresh":false,"showFog":true,"showSkybox":true,"showFlares":true,"showImageEffects":true,"showParticleSystems":true,"showVisualEffectGraphs":true,"m_FxEnabled":true},"in2DMode":false,"pivot":{"x":10.512343406677246,"y":-4.935354232788086,"z":26.248966217041017},"rotation":{"x":0.4120980501174927,"y":0.47265198826789858,"z":-0.26562801003456118,"w":0.7323205471038818},"size":16.747621536254884,"orthographic":false}