{"cameraMode":{"drawMode":0,"name":"Shaded","section":"Shading Mode"},"sceneLighting":true,"audioPlay":false,"sceneViewState":{"m_AlwaysRefresh":false,"showFog":true,"showSkybox":true,"showFlares":true,"showImageEffects":true,"showParticleSystems":true,"showVisualEffectGraphs":true,"m_FxEnabled":true},"in2DMode":false,"pivot":{"x":15.15999984741211,"y":2.6000001430511476,"z":26.920000076293947},"rotation":{"x":0.5073741674423218,"y":0.06836090236902237,"z":-0.04042081534862518,"w":0.8580605387687683},"size":14.549225807189942,"orthographic":false}