{"cameraMode":{"drawMode":0,"name":"Shaded","section":"Shading Mode"},"sceneLighting":true,"audioPlay":false,"sceneViewState":{"m_AlwaysRefresh":false,"showFog":true,"showSkybox":true,"showFlares":true,"showImageEffects":true,"showParticleSystems":true,"showVisualEffectGraphs":true,"m_FxEnabled":true},"in2DMode":false,"pivot":{"x":336.6735534667969,"y":104.51495361328125,"z":84.07843017578125},"rotation":{"x":0.09373161196708679,"y":0.025385349988937379,"z":-0.0023910480085760357,"w":0.9952764511108398},"size":168.25160217285157,"orthographic":false}