{"cameraMode":{"drawMode":0,"name":"Shaded","section":"Shading Mode"},"sceneLighting":true,"audioPlay":false,"sceneViewState":{"m_AlwaysRefresh":false,"showFog":true,"showSkybox":true,"showFlares":true,"showImageEffects":true,"showParticleSystems":true,"showVisualEffectGraphs":true,"m_FxEnabled":true},"in2DMode":false,"pivot":{"x":18.236000061035158,"y":-13.630867004394532,"z":25.862688064575197},"rotation":{"x":0.4711126387119293,"y":-0.15331922471523286,"z":0.08353907614946366,"w":0.8646257519721985},"size":16.16758918762207,"orthographic":false}