{"cameraMode":{"drawMode":0,"name":"Shaded","section":"Shading Mode"},"sceneLighting":true,"audioPlay":false,"sceneViewState":{"m_AlwaysRefresh":false,"showFog":true,"showSkybox":true,"showFlares":true,"showImageEffects":true,"showParticleSystems":true,"showVisualEffectGraphs":true,"m_FxEnabled":true},"in2DMode":false,"pivot":{"x":5.201589107513428,"y":5.49338960647583,"z":6.305366516113281},"rotation":{"x":0.4839278757572174,"y":-0.005262740887701511,"z":0.005525417625904083,"w":0.8756325244903565},"size":2.3956212997436525,"orthographic":false}