{"cameraMode":{"drawMode":0,"name":"Shaded","section":"Shading Mode"},"sceneLighting":true,"audioPlay":false,"sceneViewState":{"m_AlwaysRefresh":false,"showFog":true,"showSkybox":true,"showFlares":true,"showImageEffects":true,"showParticleSystems":true,"showVisualEffectGraphs":true,"m_FxEnabled":true},"in2DMode":false,"pivot":{"x":1.1299999952316285,"y":2.846186637878418,"z":1.5199999809265137},"rotation":{"x":0.5616055727005005,"y":0.27307379245758059,"z":-0.2000875174999237,"w":0.7555866837501526},"size":1.4002045392990113,"orthographic":false}