{"cameraMode":{"drawMode":0,"name":"Shaded","section":"Shading Mode"},"sceneLighting":true,"audioPlay":false,"sceneViewState":{"m_AlwaysRefresh":false,"showFog":true,"showSkybox":true,"showFlares":true,"showImageEffects":true,"showParticleSystems":true,"showVisualEffectGraphs":true,"m_FxEnabled":true},"in2DMode":false,"pivot":{"x":8.556203842163086,"y":1.0335590839385987,"z":14.312243461608887},"rotation":{"x":0.2835425138473511,"y":0.4186933934688568,"z":-0.13738200068473817,"w":0.8521773219108582},"size":21.649982452392579,"orthographic":false}