{"cameraMode":{"drawMode":0,"name":"Shaded","section":"Shading Mode"},"sceneLighting":true,"audioPlay":false,"sceneViewState":{"m_AlwaysRefresh":false,"showFog":true,"showSkybox":true,"showFlares":true,"showImageEffects":true,"showParticleSystems":true,"showVisualEffectGraphs":true,"m_FxEnabled":true},"in2DMode":false,"pivot":{"x":41.24571228027344,"y":-2.275959014892578,"z":22.029830932617189},"rotation":{"x":0.061930183321237567,"y":0.7508529424667358,"z":-0.6537864208221436,"w":0.07116936147212982},"size":6.607396125793457,"orthographic":false}