{"cameraMode":{"drawMode":0,"name":"Shaded","section":"Shading Mode"},"sceneLighting":true,"audioPlay":false,"sceneViewState":{"m_AlwaysRefresh":false,"showFog":true,"showSkybox":true,"showFlares":true,"showImageEffects":true,"showParticleSystems":true,"showVisualEffectGraphs":true,"m_FxEnabled":true},"in2DMode":false,"pivot":{"x":5.186450958251953,"y":0.41080808639526369,"z":10.194042205810547},"rotation":{"x":0.2735416889190674,"y":0.37745335698127749,"z":-0.11774826049804688,"w":0.8768240213394165},"size":6.60858678817749,"orthographic":true}