{"cameraMode":{"drawMode":0,"name":"Shaded","section":"Shading Mode"},"sceneLighting":true,"audioPlay":false,"sceneViewState":{"m_AlwaysRefresh":false,"showFog":true,"showSkybox":true,"showFlares":true,"showImageEffects":true,"showParticleSystems":true,"showVisualEffectGraphs":true,"m_FxEnabled":true},"in2DMode":false,"pivot":{"x":10.273065567016602,"y":-0.8457493782043457,"z":14.959407806396485},"rotation":{"x":0.27374109625816347,"y":0.3088347017765045,"z":-0.0932999849319458,"w":0.9060688018798828},"size":9.471816062927246,"orthographic":true}