{"cameraMode":{"drawMode":0,"name":"Shaded","section":"Shading Mode"},"sceneLighting":false,"audioPlay":false,"sceneViewState":{"m_AlwaysRefresh":false,"showFog":true,"showSkybox":false,"showFlares":true,"showImageEffects":true,"showParticleSystems":true,"showVisualEffectGraphs":true,"m_FxEnabled":true},"in2DMode":false,"pivot":{"x":26.142887115478517,"y":15.241642951965332,"z":-2.3292789459228517},"rotation":{"x":0.11303478479385376,"y":0.7865592241287231,"z":-0.15118859708309174,"w":0.5880481004714966},"size":5.731125831604004,"orthographic":false}